<?xml version="1.0" encoding="utf-8" ?>
<services>
	
  <service name="DeudorService" type="Implementation.DeudorService, Implementation" descriptor="" >
    <endpoint name="Common.Interfaces.IDeudorService" descriptor="" />
  </service>

  <service name="DeudorLivianoService" type="Implementation.DeudorLivianoService, Implementation" descriptor="" >
    <endpoint name="Common.Interfaces.IDeudorLivianoService" descriptor="" />
  </service>

  <service name="ZonaService" type="Implementation.ZonaService, Implementation" descriptor="" >
    <endpoint name="Common.Interfaces.IZonaService" descriptor="" />
  </service>

  <service name="CobradorService" type="Implementation.CobradorService, Implementation" descriptor="" >
    <endpoint name="Common.Interfaces.ICobradorService" descriptor="" />
  </service>

  <service name="ClienteService" type="Implementation.ClienteService, Implementation" descriptor="" >
    <endpoint name="Common.Interfaces.IClienteService" descriptor="" />
  </service>

  <service name="ConfigurationService" type="Implementation.ConfigurationService, Implementation" descriptor="" >
	<endpoint name="Common.Interfaces.IConfigurationService" descriptor="" />
  </service>

	<service name="InterfazFacturaService" type="Implementation.InterfazFacturaService, Implementation" descriptor="" >
		<endpoint name="Common.Interfaces.IInterfazFacturaService" descriptor="" />
	</service>
	<service name="ReporteService" type="Implementation.ReporteService, Implementation" descriptor="">
    <endpoint name="Common.Interfaces.IReporteService" descriptor="" />
  </service>

  <service name="FacturaService" type="Implementation.FacturaService, Implementation" descriptor="">
    <endpoint name="Common.Interfaces.IFacturaService" descriptor="" />
  </service>

  <service name="AnalistaService" type="Implementation.AnalistaService, Implementation" descriptor="">
    <endpoint name="Common.Interfaces.IAnalistaService" descriptor="" />
  </service>

  <service name="LOG_FacturaService" type="Implementation.LOG_FacturaService, Implementation" descriptor="">
    <endpoint name="Common.Interfaces.ILOG_FacturaService" descriptor="" />
  </service>

  <service name="ReciboPagoService" type="Implementation.ReciboPagoService, Implementation" descriptor="">
    <endpoint name="Common.Interfaces.IReciboPagoService" descriptor="" />
  </service>

  <service name="AccionService" type="Implementation.AccionService, Implementation" descriptor="">
    <endpoint name="Common.Interfaces.IAccionService" descriptor="" />
  </service>

  <service name="AgendaService" type="Implementation.AgendaService, Implementation" descriptor="">
    <endpoint name="Common.Interfaces.IAgendaService" descriptor="" />
  </service>


	<service name="TipoEventoService" type="Implementation.TipoEventoService, Implementation" descriptor="">
		<endpoint name="Common.Interfaces.ITipoEventoService" descriptor="" />
	</service>

	<service name="RemisionService" type="Implementation.RemisionService, Implementation" descriptor="">
    <endpoint name="Common.Interfaces.IRemisionService" descriptor="" />
  </service>


  <service name="ChequeService" type="Implementation.ChequeService, Implementation" descriptor="">
    <endpoint name="Common.Interfaces.IChequeService" descriptor="" />
  </service>

  <service name="ClienteCuentaService" type="Implementation.ClienteCuentaService, Implementation" descriptor="">
    <endpoint name="Common.Interfaces.IClienteCuentaService" descriptor="" />
  </service>

  <service name="TipoPagoRaroService" type="Implementation.TipoPagoRaroService, Implementation" descriptor="">
    <endpoint name="Common.Interfaces.ITipoPagoRaroService" descriptor="" />
  </service>
  
  <service name="LocalidadService" type="Implementation.LocalidadService, Implementation" descriptor="">
		<endpoint name="Common.Interfaces.ILocalidadService" descriptor="" />
  </service>

	<service name="DepartamentoService" type="Implementation.DepartamentoService, Implementation" descriptor="">
		<endpoint name="Common.Interfaces.IDepartamentoService" descriptor="" />
	</service>

	<service name="ProvinciaService" type="Implementation.ProvinciaService, Implementation" descriptor="">
		<endpoint name="Common.Interfaces.IProvinciaService" descriptor="" />
	</service>

	<service name="PaisService" type="Implementation.PaisService, Implementation" descriptor="">
		<endpoint name="Common.Interfaces.IPaisService" descriptor="" />
	</service>
  <service name="DescuentoService" type="Implementation.DescuentoService, Implementation" descriptor="">
    <endpoint name="Common.Interfaces.IDescuentoService" descriptor="" />
  </service>
  <service name="RetencionMTRService" type="Implementation.RetencionMTRService, Implementation" descriptor="">
    <endpoint name="Common.Interfaces.IRetencionMTRService" descriptor="" />
  </service>

  <service name="ReciboService" type="Implementation.ReciboService, Implementation" descriptor="">
    <endpoint name="Common.Interfaces.IReciboService" descriptor="" />
  </service>

  <service name="ReciboFacturaService" type="Implementation.ReciboFacturaService, Implementation" descriptor="">
    <endpoint name="Common.Interfaces.IReciboFacturaService" descriptor="" />
  </service>

  <service name="SubTipoRetencionMTRService" type="Implementation.SubTipoRetencionMTRService, Implementation" descriptor="">
    <endpoint name="Common.Interfaces.ISubTipoRetencionMTRService" descriptor="" />
  </service>


  <service name="ProntoPagoService" type="Implementation.ProntoPagoService, Implementation" descriptor="">
    <endpoint name="Common.Interfaces.IProntoPagoService" descriptor="" />
  </service>

  <service name="DomicilioDeudorService" type="Implementation.DomicilioDeudorService, Implementation" descriptor="" >
    <endpoint name="Common.Interfaces.IDomicilioDeudorService" descriptor="" />
  </service>

<service name="ControlRemisionConcurrenciaService" type="Implementation.ControlRemisionConcurrenciaService, Implementation" descriptor="" >
    <endpoint name="Common.Interfaces.IControlRemisionConcurrenciaService" descriptor="" />
  </service>

	<service name="HojaService" type="Implementation.HojaService, Implementation" descriptor="" >
		<endpoint name="Common.Interfaces.IHojaService" descriptor="" />
	</service>
	
	<service name="ItemHojaService" type="Implementation.ItemHojaService, Implementation" descriptor="" >
		<endpoint name="Common.Interfaces.IItemHojaService" descriptor="" />
	</service>

	<service name="EstadoHojaService" type="Implementation.EstadoHojaService, Implementation" descriptor="" >
		<endpoint name="Common.Interfaces.IEstadoHojaService" descriptor="" />
	</service>

	<service name="DeudorDiaReclamoService" type="Implementation.DeudorDiaReclamoService, Implementation" descriptor="" >
		<endpoint name="Common.Interfaces.IDeudorDiaReclamoService" descriptor="" />
	</service>

	<service name="DiasService" type="Implementation.DiasService, Implementation" descriptor="" >
		<endpoint name="Common.Interfaces.IDiasService" descriptor="" />
	</service>

	<service name="DeudorDiaCobroService" type="Implementation.DeudorDiaCobroService, Implementation" descriptor="" >
		<endpoint name="Common.Interfaces.IDeudorDiaCobroService" descriptor="" />
	</service>

  <service name="ControlRemisionConcurrenciaService" type="Implementation.ControlRemisionConcurrenciaService, Implementation" descriptor="" >
    <endpoint name="Common.Interfaces.IControlRemisionConcurrenciaService" descriptor="" />
  </service>

  <service name="TransferenciaService" type="Implementation.TransferenciaService, Implementation" descriptor="" >
    <endpoint name="Common.Interfaces.ITransferenciaService" descriptor="" />
  </service>

	<service name="ClienteDeudorService" type="Implementation.ClienteDeudorService, Implementation" descriptor="" >
		<endpoint name="Common.Interfaces.IClienteDeudorService" descriptor="" />
	</service>
  <service name="ChequeService" type="Implementation.ChequeService, Implementation" descriptor="" >
    <endpoint name="Common.Interfaces.IChequeService" descriptor="" />
  </service>

  <service name="RetencionService" type="Implementation.RetencionService, Implementation" descriptor="" >
    <endpoint name="Common.Interfaces.IRetencionService" descriptor="" />
  </service>

  <service name="DepositoService" type="Implementation.DepositoService, Implementation" descriptor="" >
    <endpoint name="Common.Interfaces.IDepositoService" descriptor="" />
  </service>

  <service name="OtroPagoService" type="Implementation.OtroPagoService, Implementation" descriptor="" >
    <endpoint name="Common.Interfaces.IOtroPagoService" descriptor="" />
  </service>

  <service name="DescuentoService" type="Implementation.DescuentoService, Implementation" descriptor="" >
    <endpoint name="Common.Interfaces.IDescuentoService" descriptor="" />
  </service>

  <service name="EfectivoService" type="Implementation.EfectivoService, Implementation" descriptor="" >
    <endpoint name="Common.Interfaces.IEfectivoService" descriptor="" />
  </service>
  <service name="CompensacionDePagoService" type="Implementation.CompensacionDePagoService, Implementation" descriptor="" >
    <endpoint name="Common.Interfaces.ICompensacionDePagoService" descriptor="" />
  </service>

	<service name="ItemHojaDSGService" type="Implementation.ItemHojaDSGService, Implementation" descriptor="">
		<endpoint name="Common.Interfaces.IItemHojaDSGService" descriptor="" />
	</service>

  <service name="DatosEdicionReciboService" type="Implementation.DatosEdicionReciboService, Implementation" descriptor="">
    <endpoint name="Common.Interfaces.IDatosEdicionReciboService" descriptor="" />
  </service>

  <service name="DomicilioDeudorAlternativoService" type="Implementation.DomicilioDeudorAlternativoService, Implementation" descriptor="">
    <endpoint name="Common.Interfaces.IDomicilioDeudorAlternativoService" descriptor="" />
  </service>
  

  <service name="DeudorDiaReclamoAlternativoService" type="Implementation.DeudorDiaReclamoAlternativoService, Implementation" descriptor="">
    <endpoint name="Common.Interfaces.IDeudorDiaReclamoAlternativoService" descriptor="" />
  </service>

  <service name="FacturaHistorialDeudorService" type="Implementation.FacturaHistorialDeudorService, Implementation" descriptor="">
    <endpoint name="Common.Interfaces.IFacturaHistorialDeudorService" descriptor="" />
  </service>

  <service name="MailService" type="Implementation.MailService, Implementation" descriptor="">
    <endpoint name="Common.Interfaces.IMailService" descriptor="" />
  </service>

  <service name="CambioService" type="Implementation.CambioService, Implementation" descriptor="">
    <endpoint name="Common.Interfaces.ICambioService" descriptor="" />
  </service>

  <service name="PersonaService" type="Implementation.PersonaService, Implementation" descriptor="">
    <endpoint name="Common.Interfaces.IPersonaService" descriptor="" />
  </service>


  <service name="ProfesionService" type="Implementation.ProfesionService, Implementation" descriptor="">
    <endpoint name="Common.Interfaces.IProfesionService" descriptor="" />
  </service>

  <service name="TratamientoService" type="Implementation.TratamientoService, Implementation" descriptor="">
    <endpoint name="Common.Interfaces.ITratamientoService" descriptor="" />
  </service>

  <service name="PersonaLivianoService" type="Implementation.PersonaLivianoService, Implementation" descriptor="">
    <endpoint name="Common.Interfaces.IPersonaLivianoService" descriptor="" />
  </service>

	<service name="GrupoEmailService" type="Implementation.GrupoEmailService, Implementation" descriptor="">
		<endpoint name="Common.Interfaces.IGrupoEmailService" descriptor="" />
	</service>

  <service name="GrupoEmailContenidoLivianoService" type="Implementation.GrupoEmailContenidoLivianoService, Implementation" descriptor="">
    <endpoint name="Common.Interfaces.IGrupoEmailContenidoLivianoService" descriptor="" />
  </service>

  <service name="PersonaHistoricoService" type="Implementation.PersonaHistoricoService, Implementation" descriptor="">
    <endpoint name="Common.Interfaces.IPersonaHistoricoService" descriptor="" />
  </service>

  <service name="EmpresaHistoricoService" type="Implementation.EmpresaHistoricoService, Implementation" descriptor="">
    <endpoint name="Common.Interfaces.IEmpresaHistoricoService" descriptor="" />
  </service>

	<service name="CalificacionService" type="Implementation.CalificacionService, Implementation" descriptor="">
    <endpoint name="Common.Interfaces.ICalificacionService" descriptor="" />
  </service>

	<service name="CargoService" type="Implementation.CargoService, Implementation" descriptor="">
		<endpoint name="Common.Interfaces.ICargoService" descriptor="" />
	</service>

	<service name="RelacionService" type="Implementation.RelacionService, Implementation" descriptor="">
		<endpoint name="Common.Interfaces.IRelacionService" descriptor="" />
	</service>

	<service name="CiudadService" type="Implementation.CiudadService, Implementation" descriptor="">
    <endpoint name="Common.Interfaces.ICiudadService" descriptor="" />
  </service>

  <service name="EmpresaLivianoService" type="Implementation.EmpresaLivianoService, Implementation" descriptor="">
    <endpoint name="Common.Interfaces.IEmpresaLivianoService" descriptor="" />
  </service>
  
  

  <service name="EmpresaService" type="Implementation.EmpresaService, Implementation" descriptor="">
    <endpoint name="Common.Interfaces.IEmpresaService" descriptor="" />
  </service>


  <service name="IvaService" type="Implementation.IvaService, Implementation" descriptor="">
    <endpoint name="Common.Interfaces.IIvaService" descriptor="" />
  </service>

  <service name="IIBBService" type="Implementation.IIBBService, Implementation" descriptor="">
    <endpoint name="Common.Interfaces.IIIBBService" descriptor="" />
  </service>

  <service name="EmpresaPersonaService" type="Implementation.EmpresaPersonaService, Implementation" descriptor="">
    <endpoint name="Common.Interfaces.IEmpresaPersonaService" descriptor="" />
  </service>

  <service name="TelefonoService" type="Implementation.TelefonoService, Implementation" descriptor="">
    <endpoint name="Common.Interfaces.ITelefonoService" descriptor="" />
  </service>

  <service name="EmailService" type="Implementation.EmailService, Implementation" descriptor="">
    <endpoint name="Common.Interfaces.IEmailService" descriptor="" />
  </service>
  
</services>
